insert into gender (id, name, translation) values (1, 'мужской', 'man'), (2, 'женский', 'woman');

insert into category (id, name, "translation", "genderId") values (1, 'обувь', 'shoes', 1), (2, 'верхняя одежда', 'outerwear', 1),
(3, 'верх', 'upperbody', 1), (4, 'низ', 'lowerbody', 1), (5, 'аксессуары', 'accessories', 1), (6, 'обувь', 'shoes', 2), (7, 'верхняя одежда', 'outerwear', 2),
(8, 'верх', 'upperbody', 2), (9, 'низ', 'lowerbody', 2), (10, 'аксессуары', 'accessories', 2);

insert into subcategory (id, name, translation, "categoryId") values (1, 'кроссовки', 'sneakers', 1), (2, 'ботинки', 'boots', 1), (3, 'кеды', 'gumshoes', 1),
(4, 'сандали', 'sandals', 1), (5, 'сланцы', 'shales', 1), (6, 'кроссовки', 'sneakers', 6), (7, 'ботинки', 'boots', 6), (8, 'кеды', 'gumshoes', 6),
(9, 'сандали', 'sandals', 6), (10, 'сланцы', 'shales', 6), (11, 'бомберы', 'bombers', 2), (12, 'джинсовые куртки', 'jeans jackets',2), (13, 'анораки', 'anoraks', 2),
(14, 'парки', 'parks', 2), (15, 'ветровки', 'windbreakers', 2), (16, 'пиджаки', 'jackets', 2), (17, 'кожаные куртки', 'leather jackets', 2), (18, 'плащи', 'raincoats', 2),
(19, 'жилеты', 'vests', 2), (20, 'куртки', 'coats', 2), (21, 'бомберы', 'bombers', 7), (22, 'джинсовые куртки', 'jeans jackets', 7), (23, 'анораки', 'anoraks', 7),
(24, 'парки', 'parks', 7), (25, 'ветровки', 'windbreakers', 7), (26, 'пиджаки', 'jackets', 7), (27, 'кожаные куртки', 'leather jackets', 7), (28, 'плащи', 'raincoats', 7),
(29, 'жилеты', 'vests', 7), (30, 'куртки', 'coats', 7), (31, 'свитера', 'sweaters', 3), (32, 'кардиганы', 'cardigans', 3), (33, 'свитшоты', 'sweatshirts', 3),
(34, 'олимпийки', 'olympics', 3), (35, 'рубашки', 'shirts', 3), (36, 'лонгсливы', 'longsleeves', 3), (37, 'поло', 'polo', 3), (38, 'футболки', 'tshirts', 3),
(39, 'худи', 'hoodies', 3), (40, 'свитера', 'sweaters', 8), (41, 'кардиганы', 'cardigans', 8), (42, 'свитшоты', 'sweatshirts', 8),
(43, 'олимпийки', 'olympics', 8), (44, 'рубашки', 'shirts', 8), (45, 'лонгсливы', 'longsleeves', 8), (46, 'поло', 'polo', 8), (47, 'футболки', 'tshirts', 8),
(48, 'худи', 'hoodies', 8), (49, 'платья', 'dresses', 8), (50, 'джинсы', 'jeans', 4), (51, 'брюки', 'trousers', 4), (52, 'шорты', 'shorts', 4), (53, 'спортивные штаны', 'sports trousers', 4),
(54, 'плавки', 'swimming trunks', 4), (55, 'джинсы', 'jeans', 9), (56, 'брюки', 'trousers', 9), (57, 'шорты', 'shorts', 9), (58, 'спортивные штаны', 'sports trousers', 9),
(59, 'плавки', 'swimming trunks', 9), (60, 'юбки', 'skirts', 9), (61, 'наручные часы', 'wrist watch', 5), (62, 'шапки', 'hats', 5), (63, 'шарфы', 'scarfs', 5),
(64, 'панамы', 'panama', 5), (65, 'кепки', 'caps', 5), (66, 'ремни', 'belts', 5), (67, 'нижнее белье', 'underwear', 5), (68, 'носки', 'socks', 5), (69, 'очки', 'glasess', 5),
(70, 'сумки', 'bags', 5), (71, 'рюкзаки', 'backpacks', 5), (72, 'кошельки', 'wallets', 5), (73, 'другое', 'other', 5),
(74, 'наручные часы', 'wrist watch', 10), (75, 'шапки', 'hats', 10), (76, 'шарфы', 'scarfs', 10),
(77, 'панамы', 'panama', 10), (78, 'кепки', 'caps', 10), (79, 'ремни', 'belts', 10), (80, 'нижнее белье', 'underwear', 10), (81, 'носки', 'socks', 10), (82, 'очки', 'glasess', 10),
(83, 'сумки', 'bags', 10), (84, 'рюкзаки', 'backpacks', 10), (85, 'кошельки', 'wallets', 10), (86, 'другое', 'other', 10);

insert into size (id, name, "categoryId") values (1, '5.5 US', 1), (2, '6 US', 1), (3, '6.5 US', 1), (4, '7 US', 1), (5, '7.5 US', 1), (6, '8 US', 1), (7, '8.5 US', 1), 
(8, '9 US', 1), (9, '9.5 US', 1), (10, '10 US', 1), (11, '10.5 US', 1), (12, '11 US', 1), (13, '11.5 US', 1), (14, '12 US', 1), (15, '12.5 US', 1), (16, '13 US', 1), 
(17, '13.5 US', 1), (18, '14 US', 1), (19, '14.5 US', 1), (20, '15 US', 1), (21, '4 US', 6), (22, '4.5 US', 6), (23, '5 US', 6), (24, '5.5 US', 6),
(25, '6 US', 6), (26, '6.5 US', 6), (27, '7 US', 6), (28, '7.5 US', 6), (29, '8 US', 6), (30, '8.5 US', 6), 
(31, '9 US', 6), (32, '9.5 US', 6), (33, '10 US', 6), (34, '10.5 US', 6), (35, '11 US', 6), (36, '11.5 US', 6), (37, '12 US', 6), (38, '12.5 US', 6), (39, '13 US', 6), 
(40, '13.5 US', 6), (41, '14 US', 6), (42, '14.5 US', 6), (43, 'XXS', 2), (44, 'XS', 2), (45, 'S', 2), (46, 'M', 2), (47, 'L', 2), (48, 'XL', 2), (49, 'XXL', 2),
(50, 'XXS', 7), (51, 'XS', 7), (52, 'S', 7), (53, 'M', 7), (54, 'L', 7), (55, 'XL', 7), (56, 'XXL', 7), 
(57, 'XXS', 3), (58, 'XS', 3), (59, 'S', 3), (60, 'M', 3), (61, 'L', 3), (62, 'XL', 3), (63, 'XXL', 3), 
(64, 'XXS', 8), (65, 'XS', 8), (66, 'S', 8), (67, 'M', 8), (68, 'L', 8), (69, 'XL', 8), (70, 'XXL', 8), 
(71, 'XXS', 4), (72, 'XS', 4), (73, 'S', 4), (74, 'M', 4), (75, 'L', 4), (76, 'XL', 4), (77, 'XXL', 4), 
(78, 'XXS', 9), (79, 'XS', 9), (80, 'S', 9), (81, 'M', 9), (82, 'L', 9), (83, 'XL', 9), (84, 'XXL', 9), 
(85, 'S', 5), (86, 'M', 5), (87, 'L', 5), (88, 'S', 10), (89, 'M', 10), (90, 'L', 10);

insert into condition (id, name, "genderId") values (1, 'Новая с биркой', 1), (2, 'Новая без бирки', 1), (3, 'Есть дефекты', 1), (4, 'Надевалась один раз', 1), 
(5, 'Надевалась несколько раз', 1), (6, 'Новая с биркой', 2), (7, 'Новая без бирки', 2), (8, 'Есть дефекты', 2), (9, 'Надевалась один раз', 2), 
(10, 'Надевалась несколько раз', 2);